﻿<ns0:SJVIEPMUOperation xmlns:ns0="http://www.SJVIEPMU.SJVPM001.Request.com">
  <ns0:sjvpm001>
    <ns0:PaymentSummary>
      <ns0:PSRecordType>HD</ns0:PSRecordType>
      <ns0:RequestName>IE_CASH_EBT_WCF</ns0:RequestName>
      <ns0:RequestCreationTime>11/05/2018 03:29:02</ns0:RequestCreationTime>
      <ns0:DepartmentCode>IE</ns0:DepartmentCode>
      <ns0:PSIssuanceMethod>EBR</ns0:PSIssuanceMethod>
      <ns0:ProcessingMethod>RTM</ns0:ProcessingMethod>
      <ns0:IEEnvironment>TEST</ns0:IEEnvironment>
      <ns0:PSResponseCode>00</ns0:PSResponseCode>
    </ns0:PaymentSummary>
    <ns0:PaymentDetails>
      <ns0:PDRecordType>DT</ns0:PDRecordType>
      <ns0:UserId>BizTalk</ns0:UserId>
      <ns0:CaseNumber>100005192</ns0:CaseNumber>
      <ns0:PrimeNumber></ns0:PrimeNumber>
      <ns0:PDBenefitNumber>1000006773</ns0:PDBenefitNumber>
      <ns0:BenefitTypeCode>INT</ns0:BenefitTypeCode>
      <ns0:FirstName>JEREMY</ns0:FirstName>
      <ns0:MiddleInitial></ns0:MiddleInitial>
      <ns0:LastName>KEMMEL</ns0:LastName>
      <ns0:DateofBirth>01/01/1980</ns0:DateofBirth>
      <ns0:ssn>657847350</ns0:ssn>
      <ns0:AddressLine1>SDGH3765</ns0:AddressLine1>
      <ns0:AddressLine2></ns0:AddressLine2>
      <ns0:City>AURORA</ns0:City>
      <ns0:State>OR</ns0:State>
      <ns0:ZipCode>97002</ns0:ZipCode>
      <ns0:ZipCode4></ns0:ZipCode4>
      <ns0:FipsCountyCode>001</ns0:FipsCountyCode>
      <ns0:ProgramCode>CA</ns0:ProgramCode>
      <ns0:PDIssuanceMethod>EBR</ns0:PDIssuanceMethod>
      <ns0:CheckNumber></ns0:CheckNumber>
      <ns0:TypeofAssistance>TANF</ns0:TypeofAssistance>
      <ns0:BenefitIndicator></ns0:BenefitIndicator>
      <ns0:Cashout></ns0:Cashout>
      <ns0:Category></ns0:Category>
      <ns0:BranchCode>0001</ns0:BranchCode>
      <ns0:BenefitAmount>000000000033200</ns0:BenefitAmount>
      <ns0:IssuanceDate>08/13/2018</ns0:IssuanceDate>
      <ns0:BenefitMonth>09/01/2018</ns0:BenefitMonth>
      <ns0:AvailabilityDate>11/05/2018</ns0:AvailabilityDate>
      <ns0:PaymentMemo></ns0:PaymentMemo>
      <ns0:RequestType></ns0:RequestType>
      <ns0:RecoupmentFlag>N</ns0:RecoupmentFlag>
      <ns0:VendorName></ns0:VendorName>
      <ns0:VendorAddressLine1></ns0:VendorAddressLine1>
      <ns0:VendorAddressLine2></ns0:VendorAddressLine2>
      <ns0:VendorCity></ns0:VendorCity>
      <ns0:VendorState></ns0:VendorState>
      <ns0:VendorZipCode></ns0:VendorZipCode>
      <ns0:VendorZipCode4></ns0:VendorZipCode4>
      <ns0:VendorPhone></ns0:VendorPhone>
      <ns0:TwoParty></ns0:TwoParty>
      <ns0:TwoPartyCheckType></ns0:TwoPartyCheckType>
      <ns0:LanguageIndicator>EN</ns0:LanguageIndicator>
      <ns0:AlternateFormat></ns0:AlternateFormat>
      <ns0:PayReasonCode>CASH</ns0:PayReasonCode>
      <ns0:ParentIndicator>1</ns0:ParentIndicator>
      <ns0:ChildIndicator> </ns0:ChildIndicator>
      <ns0:TimeLimit>N</ns0:TimeLimit>
      <ns0:HardshipFlag>0</ns0:HardshipFlag>
      <ns0:CitizenshipStatus>CITZ</ns0:CitizenshipStatus>
      <ns0:DateofEntry></ns0:DateofEntry>
      <ns0:VendorID></ns0:VendorID>
      <ns0:PersonNumber>P12345</ns0:PersonNumber>
    </ns0:PaymentDetails>
    <ns0:PaymentResponse></ns0:PaymentResponse>
  </ns0:sjvpm001>
</ns0:SJVIEPMUOperation>