<?xml version='1.0' encoding='UTF-8'?>
<agent-input>
  <variables>
    <variable name='sharedLocation' value='D:\IBM\IMShared'/>
  </variables>
  <server>
    <repository location='D:\11.6\11.6.0.7-MDM-SE-AE'/>
  </server>
  <profile id='InfoSphere MDM Standard Edition or Advanced Edition 0.7_1' installLocation='D:\IBM\TEMP1\MDM'>
    <data key='cic.selector.arch' value='x86_64'/>
    <data key='user.db.auth.native,com.ibm.mdm.advanced.0.7' value='false'/>
    <data key='user.db.host,com.ibm.mdm.advanced.0.7' value='DBHOST_NAME'/>
    <data key='user.db.type,com.ibm.mdm.advanced.0.7' value='MSSQLU'/>
    <data key='user.db.schema,com.ibm.mdm.advanced.0.7' value='DB_SCHEMA_NAME'/>
    <data key='user.db.ssl.enabled,com.ibm.mdm.advanced.0.7' value='false'/>
    <data key='user.db.password,com.ibm.mdm.advanced.0.7' value='DB_PWD'/>
    <data key='user.db.ssl.store.type,com.ibm.mdm.advanced.0.7' value='none'/>
    <data key='user.db.home,com.ibm.mdm.advanced.0.7' value='C:\Program Files\IBM\SQLLIB'/>
    <data key='user.L1.was.home,com.ibm.mdm.advanced.0.7' value='D:\IBM\WebSphere\AppServer'/>
    <data key='user.mdm.db.connection.skip.test,com.ibm.mdm.advanced.0.7' value='true'/>
    <data key='user.db.name.remote,com.ibm.mdm.advanced.0.7' value='DB_NAME'/>
    <data key='user.db.filegroup,com.ibm.mdm.advanced.0.7' value='DB_FILE_GROUP'/>
    <data key='user.db.user,com.ibm.mdm.advanced.0.7' value='DB_USER'/>
    <data key='user.db.ssl.net.version,com.ibm.mdm.advanced.0.7' value='1.0'/>
    <data key='user.db.servername,com.ibm.mdm.advanced.0.7' value='DBHOST_NAME'/>
    <data key='user.db.sqlserver.driver.path,com.ibm.mdm.advanced.0.7' value='&quot;D:\11.6\Microsoft JDBC Driver 6.0 for SQL Server\sqljdbc_6.0\enu\jre7&quot;'/>
    <data key='user.db.port,com.ibm.mdm.advanced.0.7' value='DB_Port_Number'/>
    <data key='user.db.name,com.ibm.mdm.advanced.0.7' value='DB_NAME'/>
    <data key='user.oracle.rac,com.ibm.mdm.advanced.0.7' value='false'/>
    <data key='user.db.ssl.password,com.ibm.mdm.advanced.0.7' value='None'/>
    <data key='user.install.db.manuall,com.ibm.mdm.advanced.0.7' value='false'/>
    <data key='user.tns.name,com.ibm.mdm.advanced.0.7' value='MCI'/>
    <data key='user.select.existing.tablespaces.DO_NOT_MODIFY,com.ibm.mdm.advanced.0.7' value='useexisting'/>
    <data key='user.create.tablespaces.flag,com.ibm.mdm.advanced.0.7' value='false'/>
    <data key='user.db.selected,com.ibm.mdm.advanced.0.7' value='MSSQLU'/>
    <data key='user.db.load.details.DO_NOT_MODIFY,com.ibm.mdm.advanced.0.7' value='true'/>
    <data key='user.code.lang.list.mds,com.ibm.mdm.advanced.0.7' value='en'/>
    <data key='user.code.lang.list,com.ibm.mdm.advanced.0.7' value='en'/>
    <data key='user.delete.trigger.type,com.ibm.mdm.advanced.0.7' value='Compound'/>
    <data key='user.mdm.data.type,com.ibm.mdm.advanced.0.7' value='insurance'/>
    <data key='user.trigger.type,com.ibm.mdm.advanced.0.7' value='Compound'/>
    <data key='user.mdm.industry.type.temp,com.ibm.mdm.advanced.0.7' value='Insurance'/>
    <data key='user.insensitive.search,com.ibm.mdm.advanced.0.7' value='true'/>
    <data key='user.customer.lang.type,com.ibm.mdm.advanced.0.7' value='en'/>
    <data key='user.was.truststore.pwd,com.ibm.mdm.advanced.0.7' value='WebAS'/>
    <data key='user.was.default.trust.store,com.ibm.mdm.advanced.0.7' value='true'/>
    <data key='user.mdm.edition.offering.id' value='com.ibm.mdm.advanced.0.7'/>
    <data key='user.config.messaging.server,com.ibm.mdm.advanced.0.7' value='false'/>
    <data key='user.messaging.type,com.ibm.mdm.advanced.0.7' value='WEM'/>
    <data key='user.messaging.port,com.ibm.mdm.advanced.0.7' value='1414'/>
    <data key='user.messaging.qm,com.ibm.mdm.advanced.0.7' value='MDM.queue.mgr'/>
    <data key='user.messaging.user,com.ibm.mdm.advanced.0.7' value='mquser'/>
    <data key='user.default.messaging.flag,com.ibm.mdm.advanced.0.7' value='true'/>
    <data key='user.messaging.channel,com.ibm.mdm.advanced.0.7' value='MDM.SRV.CH'/>
    <data key='user.instance.identifier' value='E002'/>
    <data key='user.was.profile.home.ba,com.ibm.mdm.advanced.0.7' value='C:\Program Files (x86)\IBM\WebSphere\AppServer\profiles\AppSrv01'/>
    <data key='user.was.new.server.check.ba,com.ibm.mdm.advanced.0.7' value='false'/>
    <data key='user.deploy.host.ba,com.ibm.mdm.advanced.0.7' value='DB_HOST_NAME'/>
    <data key='user.was.cluster.ba,com.ibm.mdm.advanced.0.7' value='None'/>
    <data key='user.deploy.port.ba,com.ibm.mdm.advanced.0.7' value='8881'/>
    <data key='user.was.type.ba,com.ibm.mdm.advanced.0.7' value='ND'/>
    <data key='user.skip.enter.ba.input.data,com.ibm.mdm.advanced.0.7' value='true'/>
    <data key='user.was.user.ba,com.ibm.mdm.advanced.0.7' value='mdmadmin'/>
    <data key='user.was.cluster.flag.ba,com.ibm.mdm.advanced.0.7' value='false'/>
    <data key='user.was.home.ba,com.ibm.mdm.advanced.0.7' value='C:\Program Files (x86)\IBM\WebSphere\AppServer'/>
    <data key='user.was.security.ba,com.ibm.mdm.advanced.0.7' value='1'/>
    <data key='user.was.password.ba,com.ibm.mdm.advanced.0.7' value='DMGR_CONSOLE_PWD'/>
    <data key='user.was.type.inspector,com.ibm.mdm.advanced.0.7' value='ND'/>
    <data key='user.was.profile.home.inspector,com.ibm.mdm.advanced.0.7' value='C:\Program Files (x86)\IBM\WebSphere\AppServer\profiles\AppSrv01'/>
    <data key='user.was.cell.inspector,com.ibm.mdm.advanced.0.7' value='WAS_Cell_NAME'/>
    <data key='user.was.server.inspector,com.ibm.mdm.advanced.0.7' value='server1'/>
    <data key='user.was.user.inspector,com.ibm.mdm.advanced.0.7' value='mdmadmin'/>
    <data key='user.was.security.inspector,com.ibm.mdm.advanced.0.7' value='1'/>
    <data key='user.was.cluster.flag.inspector,com.ibm.mdm.advanced.0.7' value='false'/>
    <data key='user.use.ssl.inspector,com.ibm.mdm.advanced.0.7' value='false'/>
    <data key='user.was.node.inspector,com.ibm.mdm.advanced.0.7' value='WAS_NODE_NAME'/>
    <data key='user.deploy.host.inspector,com.ibm.mdm.advanced.0.7' value='WAS_HOST_NAME'/>
    <data key='user.skip.enter.inspector.input.data,com.ibm.mdm.advanced.0.7' value='false'/>
    <data key='user.was.password.inspector,com.ibm.mdm.advanced.0.7' value='DMGR_CONSOLE_PWD'/>
    <data key='user.was.new.server.check.inspector,com.ibm.mdm.advanced.0.7' value='false'/>
    <data key='user.was.home.inspector,com.ibm.mdm.advanced.0.7' value='D:\IBM\WebSphere\AppServer'/>
    <data key='user.deploy.port.inspector,com.ibm.mdm.advanced.0.7' value='8881'/>
    <data key='user.was.cluster.inspector,com.ibm.mdm.advanced.0.7' value='None'/>
    <data key='user.skip.enter.ev.input.data,com.ibm.mdm.advanced.0.7' value='true'/>
    <data key='user.was.cluster.flag.ev,com.ibm.mdm.advanced.0.7' value='false'/>
    <data key='user.was.home.ev,com.ibm.mdm.advanced.0.7' value='C:\Program Files (x86)\IBM\WebSphere\AppServer'/>
    <data key='user.deploy.host.ev,com.ibm.mdm.advanced.0.7' value='WAS_HOST_NAME'/>
    <data key='user.was.security.ev,com.ibm.mdm.advanced.0.7' value='1'/>
    <data key='user.was.profile.home.ev,com.ibm.mdm.advanced.0.7' value='C:\Program Files (x86)\IBM\WebSphere\AppServer\profiles\AppSrv01'/>
    <data key='user.was.type.ev,com.ibm.mdm.advanced.0.7' value='ND'/>
    <data key='user.was.password.ev,com.ibm.mdm.advanced.0.7' value='ohamci'/>
    <data key='user.deploy.port.ev,com.ibm.mdm.advanced.0.7' value='8881'/>
    <data key='user.was.cluster.ev,com.ibm.mdm.advanced.0.7' value='None'/>
    <data key='user.was.new.server.check.ev,com.ibm.mdm.advanced.0.7' value='false'/>
    <data key='user.use.ssl.ev,com.ibm.mdm.advanced.0.7' value='false'/>
    <data key='user.was.user.ev,com.ibm.mdm.advanced.0.7' value='mdmadmin'/>
    <data key='user.was.new.server.check.wr,com.ibm.mdm.advanced.0.7' value='false'/>
    <data key='user.was.home.wb,com.ibm.mdm.advanced.0.7' value='C:\Program Files (x86)\IBM\WebSphere\AppServer'/>
    <data key='user.was.security.wb,com.ibm.mdm.advanced.0.7' value='1'/>
    <data key='user.was.profile.home.wb,com.ibm.mdm.advanced.0.7' value='C:\Program Files (x86)\IBM\WebSphere\AppServer\profiles\AppSrv01'/>
    <data key='user.deploy.port.wb,com.ibm.mdm.advanced.0.7' value='8881'/>
    <data key='user.skip.enter.wb.input.data,com.ibm.mdm.advanced.0.7' value='true'/>
    <data key='user.use.ssl.wb,com.ibm.mdm.advanced.0.7' value='false'/>
    <data key='user.was.user.wb,com.ibm.mdm.advanced.0.7' value='mdmadmin'/>
    <data key='user.deploy.host.wb,com.ibm.mdm.advanced.0.7' value='WAS_HOST_NAME'/>
    <data key='user.was.cluster.wb,com.ibm.mdm.advanced.0.7' value='None'/>
    <data key='user.was.cluster.flag.wb,com.ibm.mdm.advanced.0.7' value='false'/>
    <data key='user.was.type.wb,com.ibm.mdm.advanced.0.7' value='ND'/>
    <data key='user.was.password.wb,com.ibm.mdm.advanced.0.7' value='DMGR_CONSOLE_PWD'/>
    <data key='user.db.schema' value='dbo'/>
    <data key='user.was.type.persist' value='ND'/>
    <data key='user.L1.was.home.persist' value='D:\IBM\WebSphere\AppServer'/>
    <data key='user.deploy.host.persist' value='WAS_HOST_NAME'/>
    <data key='user.deploy.port.persist' value='8881'/>
    <data key='user.was.user.persist' value='mdmadmin'/>
    <data key='user.was.password.persist' value='ohamci'/>
    <data key='user.was.cell.persist' value='WAS_Cell_NAME'/>
    <data key='user.was.node.persist' value='WAS_Node_NAME'/>
    <data key='user.was.server.persist' value='server1'/>
    <data key='user.was.server.new.persist' value='none'/>
    <data key='user.was.cluster.persist' value='None'/>
    <data key='user.was.cluster.flag.persist' value='false'/>
    <data key='user.was.profile.home.persist' value='C:\Program Files (x86)\IBM\WebSphere\AppServer\profiles\AppSrv01'/>
    <data key='user.remote.server.checkbox.persist' value='false'/>
    <data key='user.was.cluster,com.ibm.mdm.advanced.0.7' value='None'/>
    <data key='user.was.user,com.ibm.mdm.advanced.0.7' value='mdmadmin'/>
    <data key='user.was.profile.home,com.ibm.mdm.advanced.0.7' value='C:\Program Files (x86)\IBM\WebSphere\AppServer\profiles\AppSrv01'/>
    <data key='user.deploy.host,com.ibm.mdm.advanced.0.7' value='WAS_HOST_NAME'/>
    <data key='user.was.server.new,com.ibm.mdm.advanced.0.7' value='none'/>
    <data key='user.was.suppress.warning,com.ibm.mdm.advanced.0.7' value='true'/>
    <data key='user.new.server.checkbox,com.ibm.mdm.advanced.0.7' value='false'/>
    <data key='user.remote.server.checkbox,com.ibm.mdm.advanced.0.7' value='false'/>
    <data key='user.launch.config.from.silent.install.flag,com.ibm.mdm.advanced.0.7' value='false'/>
    <data key='user.was.type,com.ibm.mdm.advanced.0.7' value='ND'/>
    <data key='user.was.password,com.ibm.mdm.advanced.0.7' value='DMGR_CONSOLE_PWD'/>
    <data key='user.was.server,com.ibm.mdm.advanced.0.7' value='server1'/>
    <data key='user.was.cluster.flag,com.ibm.mdm.advanced.0.7' value='false'/>
    <data key='user.deploy.port,com.ibm.mdm.advanced.0.7' value='8881'/>
    <data key='user.was.cell,com.ibm.mdm.advanced.0.7' value='WAS_Cell_NAME'/>
    <data key='user.was.node,com.ibm.mdm.advanced.0.7' value='WAS_NODE_NAME'/>
    <data key='user.mtz.tz,com.ibm.mdm.advanced.0.7' value='US/Eastern'/>
    <data key='user.mdm.admin.password.temp,com.ibm.mdm.advanced.0.7' value='MDM_APP_PWD'/>
    <data key='user.rmi.port,com.ibm.mdm.advanced.0.7' value='9999'/>
    <data key='user.L2.was.admin.password,com.ibm.mdm.advanced.0.7' value='DMGR_CONSOLE_PWD'/>
    <data key='user.mtz.enabled,com.ibm.mdm.advanced.0.7' value='true'/>
    <data key='user.mdm.passwordConfirm,com.ibm.mdm.advanced.0.7' value='MDM_APP_PWD'/>
    <data key='user.engine.type,com.ibm.mdm.advanced.0.7' value='PME'/>
    <data key='user.was.admin.user,com.ibm.mdm.advanced.0.7' value='mdmadmin'/>
    <data key='user.was.application,com.ibm.mdm.advanced.0.7' value='E002'/>
  </profile>
  <install>
    <!-- InfoSphere MDM Standard Edition or Advanced Edition 11.6.0.7 -->
    <offering profile='InfoSphere MDM Standard Edition or Advanced Edition 0.7_1' id='com.ibm.mdm.advanced.0.7' version='11.6.0.FP07IF000_20180917-0229' features='com.ibm.mdm.install.feature'/>
  </install>
  <preference name='com.ibm.cic.common.core.preferences.eclipseCache' value='${sharedLocation}'/>
</agent-input>
