<Configuration>
  <Feature Name="SSOServer,Engine" DisplayName="Enterprise Single Sign-On" Version="1.0" Description="Enterprise Single Sign-On configuration" ConfigByDefault="true">
    <Question ID="IsSecretServer" Text="&amp;Create a new SSO system;&amp;Join an existing SSO system" Answers="Create,Join" Default="Join">
      <Answer Value="Create" GUID="{FB7268BE-82D4-4cad-8CFF-6930303DA7E2}" Selected="Yes">
        <NTCredential ID="SSOAdminGroup" DisplayName="SSO Administrator(s)" Description="This is the Administrator of the Enterprise Single Sign-On (SSO) system.">
          <NTAccount ScopeType="105" UpLevelFlags="672" DownLevelFlags="2147516422">{SSOADMINGroup}</NTAccount>
        </NTCredential>
        <NTCredential ID="SSOAffiliateAdminGroup" DisplayName="SSO Affiliate Administrator(s)" Description="The SSO Affiliate Administrator must be able to create Affiliate Applications.">
          <NTAccount ScopeType="105" UpLevelFlags="672" DownLevelFlags="2147516422">{SSOAffGroup}</NTAccount>
        </NTCredential>
        <FILE ID="SSO_ID_BACKUP_SECRET_FILE" DisplayName="&amp;Backup file location:" Filter="Backup files (*.bak)|*.bak|All files (*.*)|*.*" DefaultExtension="bak" Title="" Description="Location where the master secret will be backed up" OpenFile="true">
          <Value>{SSOBackupFilePath}</Value>
        </FILE>
        <Name ID="SSO_ID_BACKUP_SECRET_PASSWORD" DisplayName="&amp;Secret backup password:" Description="Enter a password used to protect the secret backup file" Hidden="true">
          <Value>{SecretPassword}</Value>
        </Name>
        <Name ID="SSO_ID_BACKUP_SECRET_PASSWORD_CONFIRM" DisplayName="&amp;Confirm password:" Description="Confirm the secret backup password" Hidden="true">
          <Value>{SecretPassword}</Value>
        </Name>
        <Name ID="SSO_ID_BACKUP_SECRET_REMINDER" DisplayName="Password &amp;reminder:" Description="Enter a phrase to help you remember the secret backup file password" Hidden="false">
          <Value />
        </Name>
      </Answer>
 <!--     <Answer Value="Join" GUID="{B9432756-1620-4bec-8CD9-E6D0B7805AA5}" Selected="Yes" /> -->
    </Question>
    <NTService ID="ENTSSO" DisplayName="Enterprise Single Sign-On Service" Description="Specify the name of the account under which the Single Sign-On (SSO) service should run. This account must be a member of the SSO Administrator(s) group.">
      <UserName>{SSOServiceAccount}</UserName>
      <Domain/>
      <Password>{SSOServiceAccountPassword}</Password>
    </NTService>
    <SQL ID="SSO_DB_ID" DisplayName="SSO Database" Description="Specify the name of the SQL Server and Database that will be used as the credential store.">
      <Server>{SSODBServer}</Server>
      <Database>SSODB</Database>
      <WindowsSecurity Editable="no">yes</WindowsSecurity>
      <UserName />
      <Password />
    </SQL>
  </Feature>
  <Feature Name="WMI" DisplayName="BizTalk Server Group" Version="1.0" Description="The Microsoft Windows Management Instrumentation (WMI) layer encapsulates all administrative functions and management capabilities for BizTalk Server." ConfigByDefault="true">
    <SQL ID="{D757DBF9-5D71-4995-9F20-A552B7DFE7F1}" DisplayName="BizTalk Management Database" Description="This database is the central meta-information store for all BizTalk Servers.">
      <Server>{BizTalkMgmtDBServer}</Server>
      <Database>BizTalkMgmtDb</Database>
      <WindowsSecurity Editable="no">yes</WindowsSecurity>
      <UserName />
      <Password />
    </SQL>
    <Question ID="CREATEORJOIN" Text="Create a &amp;new BizTalk Group;&amp;Join an existing BizTalk Group" Answers="Create,Join" Default="Create">
      <Answer Value="Create" GUID="{C4DEF4B8-163E-4a8d-AB01-6C43917248B1}" Selected="Yes">
        <SQL ID="{84ADD76E-EBEB-4bb8-B9EB-64F87E483C39}" DisplayName="BizTalk MessageBox Database" Description="This database stores subscriptions predicates. It is a host platform, where the queues and state tables for each BizTalk Server host are kept. The MessageBox database also stores the messages and message properties.">
          <Server>{BizTalkMsgBoxDBServer}</Server>
          <Database>BizTalkMsgBoxDb</Database>
          <WindowsSecurity Editable="no">yes</WindowsSecurity>
          <UserName />
          <Password />
        </SQL>
        <SQL ID="{1033195A-3C23-4750-BBD0-06BC12A175D4}" DisplayName="BizTalk Tracking Database" Description="This database stores business and health monitoring data tracked by the BizTalk Server tracking engine.">
          <Server>{BizTalkDTADBServer}</Server>
          <Database>BizTalkDTADb</Database>
          <WindowsSecurity Editable="no">yes</WindowsSecurity>
          <UserName />
          <Password />
        </SQL>
        <NTCredential ID="BTS_ADMIN_GROUP" DisplayName="BizTalk Administrators Group" Description="The BizTalk Server Administrators Group has the least privileges necessary to perform administrative tasks included in the Configuration Framework Wizard and to administer the BizTalk Server environment after installation.">
          <NTAccount ScopeType="105" UpLevelFlags="672" DownLevelFlags="2147483654">{BTSAdminGroup}</NTAccount>
        </NTCredential>
        <NTCredential ID="BTS_OPERATOR_GROUP" DisplayName="BizTalk Operators Group" Description="The BizTalk Server Operators Group has the least privileges necessary to perform tasks required for operating the BizTalk Server environment after installation.">
          <NTAccount ScopeType="105" UpLevelFlags="672" DownLevelFlags="2147483654">{BTSOperatorGroup}</NTAccount>
        </NTCredential>
        <NTCredential ID="BTS_B2B_OPERATOR_GROUP" DisplayName="BizTalk B2B Operators Group" Description="The BizTalk Server B2B Operators Group has the least privileges necessary to perform tasks required for operating the BizTalk Server B2B environment after installation.">
          <NTAccount ScopeType="105" UpLevelFlags="672" DownLevelFlags="2147483654">{BTSB2BOperatorGRP}</NTAccount>
        </NTCredential>
      </Answer>
      <Answer Value="Join" GUID="{4D12E6A3-552E-4936-9DD3-59E1190FA324}" />
    </Question>
  </Feature>
  <Feature Name="Engine,BTSCfg" DisplayName="BizTalk Server runtime components" Version="1.0" Description="These settings determine the manner in which the BizTalk hosts and host instances are created." ConfigByDefault="true">
    <Question ID="HOST" Text="&amp;Create In-Process Host and Instance" Answers="Yes,No" Default="Yes">
      <Answer Value="Yes" GUID="{8E714C78-05B8-45d1-9B50-D737EF7AD682}" Selected="Yes">
        <Question ID="TRUSTEDHOST" Text="&amp;Trusted" Answers="Yes,No" Default="No">
          <Answer Value="Yes" GUID="{D460CE6D-CCF1-4ebf-BDC9-3149021B91ED}" />
          <Answer Value="No" GUID="{F507BD3D-2205-47bc-A7EF-0E45603BB6C4}" Selected="Yes" />
        </Question>
        <Question ID="GENERICHOST" Text="32-bit on&amp;ly" Answers="Yes,No" Default="No">
          <Answer Value="Yes" GUID="{5D3B2217-D744-4D50-B931-FED9E259628D}" />
          <Answer Value="No" GUID="{CBF077AE-2771-473E-9E0C-D955D5EB5692}" Selected="Yes" />
        </Question>
        <NTCredential ID="BTS_HOST_GROUP" DisplayName="BizTalk Host Users Group" Description="Windows group for accounts with access to the In-Process BizTalk  hosts (hosts processes in the BizTalk Server).">
          <NTAccount ScopeType="105" UpLevelFlags="672" DownLevelFlags="2147483654">{BTSInProcessDomainGroup}</NTAccount>
        </NTCredential>
        <Name ID="BTS_HOST_NAME" DisplayName="Ho&amp;st name:" Description="Name of the In-Process BizTalk  host (eg, BizTalkServerApplication)" Hidden="false">
          <Value>BizTalkServerApplication</Value>
        </Name>
        <NTService ID="{B64F63FA-E24E-4991-86F0-ED9F65B68A98}" DisplayName="BizTalk Host Instance Account" Description="Windows account with access to a specific In-Process BizTalk host instance. This account will be given Log on as Service rights.">
          <UserName>{BTSInProcessServiceAccount}</UserName>
          <Domain/>
          <Password>{BTSInProcessServicePassword}</Password>
        </NTService>
      </Answer>
      <Answer Value="No" GUID="{D9164C48-8179-4a40-912D-1BF4C3EFE70B}" />
    </Question>
    <Question ID="ISOHOST" Text="Cr&amp;eate Isolated Host and Instance" Answers="Yes,No" Default="Yes">
      <Answer Value="Yes" GUID="{5638D8B2-58C9-4b2a-B5B1-3771ADECC327}" Selected="Yes">
        <Question ID="TRUSTEDIHOST" Text="Truste&amp;d" Answers="Yes,No" Default="No">
          <Answer Value="Yes" GUID="{D460CE6D-CCF1-4ebf-BDC9-3149021B91ED}" />
          <Answer Value="No" GUID="{F507BD3D-2205-47bc-A7EF-0E45603BB6C4}" Selected="Yes" />
        </Question>
        <Question ID="GENERICIHOST" Text="32-bit onl&amp;y" Answers="Yes,No" Default="No">
          <Answer Value="Yes" GUID="{5D3B2217-D744-4D50-B931-FED9E259628D}" />
          <Answer Value="No" GUID="{CBF077AE-2771-473E-9E0C-D955D5EB5692}" Selected="Yes" />
        </Question>
        <NTCredential ID="BTS_IHOST_GROUP" DisplayName="BizTalk Isolated Host Users Group" Description="Windows group for accounts with access to the Isolated BizTalk hosts (hosts processes not running on BizTalk Server, such as HTTP and SOAP)">
          <NTAccount ScopeType="105" UpLevelFlags="672" DownLevelFlags="2147483654">{BTSIsolatedDomainGroup}</NTAccount>
        </NTCredential>
        <Name ID="BTS_IHOST_NAME" DisplayName="Is&amp;olated Host name:" Description="Name of the Isolated BizTalk host (eg BizTalkServerIsolatedHost)" Hidden="false">
          <Value>BizTalkServerIsolatedHost</Value>
        </Name>
        <NTService ID="{D0A37CEE-F24E-4193-A19F-47B05D7EDA21}" DisplayName="BizTalk Isolated Host Instance Account" Description="Windows account with access to a specific Isolated BizTalk  host instance. This account will be given Log on as Service rights.">
          <UserName>{BTSIsolatedServiceAccount}</UserName>
          <Domain/>
          <Password>{BTSIsolatedServicePassword}</Password>
        </NTService>
      </Answer>
      <Answer Value="No" GUID="{5782A1A5-8578-4942-9CBB-E443A15A0B99}" />
    </Question>
  </Feature>
  <Feature Name="MOT" DisplayName="BAM runtime" Version="1.0" Description="Tracking data decoding service used to move tracked data and persist it for query use." />
  <Feature Name="RulesEngine" DisplayName="Business Rules Engine" Version="3.0" Description="BizTalk native support for declarative Business Rules." ConfigByDefault="true">
    <SQL ID="{E6C5E071-D6EB-4c31-BFE6-CA16637FBEEB}" DisplayName="Rule Engine Database" Description="SQL Rule Store">
      <Server>{BTSBREDBServer}</Server>
      <Database>BizTalkRuleEngineDb</Database>
      <WindowsSecurity>yes</WindowsSecurity>
      <UserName />
      <Password />
    </SQL>
    <NTService ID="{6ABAD351-9C7B-423e-9FDE-3A5C52441C00}" DisplayName="Rule Engine Update Service" Description="Notification for the deployment/ undeployment of policies">
      <UserName>{BTSBREServiceAccount}</UserName>
      <Domain />
      <Password>{BTSBREServicePassword}</Password>
    </NTService>
  </Feature>
  <InstalledFeature>MsEDIAS2</InstalledFeature>
  <InstalledFeature>MsEDIAS2StatusReporting</InstalledFeature>
  <InstalledFeature>InfoWorkerApps</InstalledFeature>
  <InstalledFeature>BAMPortal</InstalledFeature>
  <InstalledFeature>PAM</InstalledFeature>
  <InstalledFeature>WMI</InstalledFeature>
  <InstalledFeature>BizTalk</InstalledFeature>
  <InstalledFeature>MOT</InstalledFeature>
  <InstalledFeature>Engine</InstalledFeature>
  <InstalledFeature>MSMQ</InstalledFeature>
  <InstalledFeature>Runtime</InstalledFeature>
  <InstalledFeature>WCFAdapter</InstalledFeature>
  <InstalledFeature>WcfAdapterAdminTools</InstalledFeature>
  <InstalledFeature>AdminAndMonitoring</InstalledFeature>
  <InstalledFeature>MonitoringAndTracking</InstalledFeature>
  <InstalledFeature>AdminTools</InstalledFeature>
  <InstalledFeature>BizTalkAdminSnapIn</InstalledFeature>
  <InstalledFeature>HealthActivityClient</InstalledFeature>
  <InstalledFeature>BAMTools</InstalledFeature>
  <InstalledFeature>SSOAdmin</InstalledFeature>
  <InstalledFeature>AdditionalApps</InstalledFeature>
  <InstalledFeature>SSOServer</InstalledFeature>
  <InstalledFeature>RulesEngine</InstalledFeature>
</Configuration>